Section,Ix
90x35,2.12625
90x45,2.73375
140x35,8.003333333
140x45,10.29
190x35,20.00541667
190x45,25.72125
240x35,40.32
240x45,51.84
290x35,71.13458333
290x45,91.45875
